{
    "baseline": {
        "accuracy": 0.508,
        "precision": 0.18191721132897604,
        "recall": 0.4175,
        "f1": 0.2534142640364188,
        "roc_auc": 0.46775156250000005
    },
    "tuned": {
        "accuracy": 0.8,
        "precision": 0.0,
        "recall": 0.0,
        "f1": 0.0,
        "roc_auc": 0.46885625000000003
    },
    "best_params": {
        "C": 0.1,
        "class_weight": null,
        "penalty": "l1",
        "solver": "liblinear"
    },
    "cv_mean_roc_auc": 0.5181367187499999,
    "cv_std_roc_auc": 0.018570834000470254
}